,precision,recall,f1-score,support
Apple_Black_Rot,0.9545454545454546,1.0,0.9767441860465116,63.0
Apple_Cedar_Rust,1.0,1.0,1.0,28.0
Apple_Healthy,1.0,0.98,0.98989898989899,100.0
Apple_Scab,1.0,0.9841269841269841,0.992,63.0
accuracy,0.9881889763779528,0.9881889763779528,0.9881889763779528,0.9881889763779528
macro avg,0.9886363636363636,0.991031746031746,0.9896607939863754,254.0
weighted avg,0.9887258410880457,0.9881889763779528,0.9882707980741308,254.0
