,precision,recall,f1-score,support
Apple_Black_Rot,0.5196078431372549,0.8412698412698413,0.6424242424242425,63.0
Apple_Cedar_Rust,0.0,0.0,0.0,28.0
Apple_Healthy,0.8853503184713376,0.8424242424242424,0.8633540372670807,165.0
Apple_Scab,0.5166666666666667,0.49206349206349204,0.5040650406504065,63.0
accuracy,0.6990595611285266,0.6990595611285266,0.6990595611285266,0.6990595611285266
macro avg,0.48040620706881476,0.543939393939394,0.5024608300854324,319.0
weighted avg,0.6625959143116545,0.6990595611285266,0.6729850814506934,319.0
