epoch,train_loss,train_acc,val_loss,val_acc
0,1.2637658814589183,0.46740273,1.008329447110494,0.5242105
1,0.9686065435409545,0.584122,0.7948883811632792,0.67368424
2,0.8212559163570404,0.64984226,0.761108934879303,0.6926316
3,0.7504811435937881,0.68874866,0.6867391228675842,0.70736843
